005930,삼성전자
000660,SK하이닉스
005380,현대차
068270,셀트리온
051910,LG화학
012330,현대모비스
055550,신한지주
005490,POSCO
207940,삼성바이오로직스
017670,SK텔레콤
051900,LG생활건강
035420,NAVER
105560,KB금융
028260,삼성물산
000270,기아차
032830,삼성생명
018260,삼성에스디에스
034730,SK
015760,한국전력
006400,삼성SDI
096770,SK이노베이션
033780,KT&G
003550,LG
066570,LG전자
000810,삼성화재
086790,하나금융지주
035720,카카오
251270,넷마블
036570,엔씨소프트
090430,아모레퍼시픽
316140,우리금융지주
010950,S-Oil
010130,고려아연
011170,롯데케미칼
009540,한국조선해양
024110,기업은행
030200,KT
009150,삼성전기
035250,강원랜드
018880,한온시스템
034220,LG디스플레이
032640,LG유플러스
086280,현대글로비스
000720,현대건설
021240,웅진코웨이
004020,현대제철
006800,미래에셋대우
267250,현대중공업지주
002790,아모레G
010140,삼성중공업
081660,휠라코리아
128940,한미약품
078930,GS
004990,롯데지주
071050,한국금융지주
023530,롯데쇼핑
097950,CJ제일제당
008930,한미사이언스
029780,삼성카드
161390,한국타이어앤테크놀로지
005830,DB손해보험
005940,NH투자증권
000210,대림산업
139480,이마트
036460,한국가스공사
012750,에스원
008770,호텔신라
241560,두산밥캣
271560,오리온
009830,한화케미칼
047810,한국항공우주
042660,대우조선해양
016360,삼성증권
282330,BGF리테일
008560,메리츠종금증권
028050,삼성엔지니어링
000120,CJ대한통운
030000,제일기획
006360,GS건설
003410,쌍용양회
000100,유한양행
001040,CJ
002380,KCC
004170,신세계
011780,금호석유
088350,한화생명
007070,GS리테일
003490,대한항공
001450,현대해상
017800,현대엘리베이
007310,오뚜기
011070,LG이노텍
138930,BNK금융지주
028670,팬오션
047050,포스코인터내셔널
010060,OCI
047040,대우건설
010620,현대미포조선
294870,HDC현대산업개발
000880,한화
069960,현대백화점
026960,동서
000150,두산
064350,현대로템
069620,대웅제약
009240,한샘
020150,일진머티리얼즈
111770,영원무역
012450,한화에어로스페이스
000240,한국테크놀로지그룹
004800,효성
006260,LS
003240,태광산업
004370,농심
010120,LS산전
000080,하이트진로
006280,녹십자
031430,신세계인터내셔날
214320,이노션
051600,한전KPS
009420,한올바이오파마
161890,한국콜마
011790,SKC
204320,만도
005300,롯데칠성
004000,롯데정밀화학
042670,두산인프라코어
000670,영풍
034020,두산중공업
011210,현대위아
005440,현대그린푸드
114090,GKL
001740,SK네트웍스
057050,현대홈쇼핑
010780,아이에스동서
003000,부광약품
120110,코오롱인더
005850,에스엘
073240,금호타이어
049770,동원F&B
192820,코스맥스
001800,오리온홀딩스
014820,동원시스템즈
192400,쿠쿠홀딩스
071840,롯데하이마트
005250,녹십자홀딩스
018250,애경산업
003520,영진약품
185750,종근당
020000,한섬
002350,넥센타이어
012630,HDC
014680,한솔케미칼
008060,대덕전자
105630,한세실업
069260,휴켐스
006650,대한유화
005610,SPC삼립
170900,동아에스티
115390,락앤락
001680,대상
052690,한전기술
079160,CJ CGV
103140,풍산
079550,LIG넥스원
027410,BGF
025540,한국단자
001120,LG상사
093050,LF
005180,빙그레
285130,SK케미칼
006390,한일현대시멘트
064960,S&T모티브
093370,후성
000990,DB하이텍
001060,JW중외제약
002270,롯데푸드
001430,세아베스틸
001230,동국제강
000070,삼양홀딩스
006840,AK홀딩스
003620,쌍용차
000640,동아쏘시오홀딩스
004490,세방전지
145990,삼양사
108670,LG하우시스
025860,남해화학
019680,대교
002240,고려제강
006120,SK디스커버리
003850,보령제약
007570,일양약품
060980,한라홀딩스
002960,한국쉘석유
014830,유니드
001520,동양
003920,남양유업
096760,JW홀딩스
079430,현대리바트
298040,효성중공업
