,날짜,종가,전일비,시가,고가,저가,거래량
1,2019.06.24,13400.0,100.0,13200.0,13450.0,13150.0,13984.0
2,2019.06.21,13300.0,50.0,13300.0,13450.0,13200.0,21817.0
3,2019.06.20,13250.0,50.0,13300.0,13450.0,13250.0,17043.0
4,2019.06.19,13200.0,500.0,13000.0,13550.0,12850.0,80692.0
5,2019.06.18,12700.0,50.0,12700.0,12900.0,12600.0,23002.0
9,2019.06.17,12750.0,500.0,13100.0,13150.0,12750.0,59470.0
10,2019.06.14,13250.0,300.0,13500.0,13600.0,13200.0,26417.0
11,2019.06.13,13550.0,0.0,13550.0,13600.0,13350.0,27154.0
12,2019.06.12,13550.0,100.0,13500.0,13650.0,13450.0,28341.0
13,2019.06.11,13650.0,100.0,13500.0,13650.0,13450.0,25110.0
16,2019.06.10,13550.0,50.0,13450.0,13750.0,13400.0,26637.0
17,2019.06.07,13500.0,50.0,13450.0,13800.0,13400.0,27376.0
18,2019.06.05,13550.0,50.0,13700.0,13700.0,13350.0,26091.0
19,2019.06.04,13600.0,200.0,13400.0,14000.0,13300.0,98173.0
20,2019.06.03,13400.0,150.0,13200.0,13500.0,13000.0,31402.0
24,2019.05.31,13250.0,750.0,13300.0,13600.0,13150.0,61619.0
25,2019.05.30,14000.0,1200.0,12750.0,14000.0,12750.0,194214.0
26,2019.05.29,12800.0,400.0,13000.0,13100.0,12750.0,31706.0
27,2019.05.28,13200.0,500.0,12700.0,13250.0,12700.0,36659.0
28,2019.05.27,12700.0,150.0,12700.0,13000.0,12700.0,35032.0
31,2019.05.24,12850.0,150.0,12850.0,13100.0,12700.0,37367.0
32,2019.05.23,13000.0,150.0,13200.0,13600.0,12950.0,75768.0
33,2019.05.22,13150.0,0.0,13250.0,13350.0,13050.0,45757.0
34,2019.05.21,13150.0,50.0,12800.0,13650.0,12650.0,106358.0
35,2019.05.20,13100.0,400.0,13400.0,13600.0,13000.0,74879.0
39,2019.05.17,13500.0,1100.0,14150.0,14200.0,13000.0,138187.0
40,2019.05.16,14600.0,1000.0,15800.0,16700.0,14350.0,779839.0
41,2019.05.15,13600.0,450.0,13200.0,14100.0,13150.0,126391.0
42,2019.05.14,13150.0,0.0,12700.0,14050.0,12500.0,152059.0
43,2019.05.13,13150.0,900.0,13950.0,14050.0,13000.0,134501.0
46,2019.05.10,14050.0,300.0,14250.0,14950.0,13300.0,196827.0
47,2019.05.09,14350.0,950.0,15000.0,15400.0,14250.0,214835.0
48,2019.05.08,15300.0,1400.0,16350.0,17650.0,15300.0,695509.0
49,2019.05.07,16700.0,800.0,17000.0,17500.0,16500.0,197913.0
50,2019.05.03,17500.0,500.0,17600.0,19850.0,17150.0,957556.0
54,2019.05.02,18000.0,250.0,17500.0,18150.0,16500.0,383524.0
55,2019.04.30,18250.0,2500.0,18250.0,19900.0,16900.0,1812539.0
56,2019.04.29,15750.0,2100.0,17200.0,17300.0,14900.0,447109.0
57,2019.04.26,17850.0,400.0,17950.0,21000.0,17050.0,1182536.0
58,2019.04.25,17450.0,2850.0,18000.0,18650.0,17200.0,195560.0
61,2019.04.24,20300.0,750.0,21500.0,23150.0,20300.0,385907.0
62,2019.04.23,19550.0,3100.0,20000.0,20200.0,18800.0,373415.0
63,2019.04.22,22650.0,5200.0,21450.0,22650.0,21000.0,1491845.0
64,2019.04.19,17450.0,4000.0,14300.0,17450.0,14000.0,1852587.0
65,2019.04.18,13450.0,4550.0,15300.0,15400.0,13200.0,754264.0
69,2019.04.17,18000.0,4150.0,14500.0,18000.0,14200.0,1518219.0
70,2019.04.16,13850.0,2050.0,14450.0,16600.0,13750.0,549889.0
71,2019.04.15,15900.0,3650.0,12250.0,15900.0,12250.0,890071.0
72,2019.04.12,12250.0,100.0,12150.0,12300.0,12150.0,2568.0
73,2019.04.11,12150.0,100.0,12150.0,12150.0,12000.0,2814.0
76,2019.04.10,12050.0,150.0,12100.0,12200.0,11950.0,1764.0
77,2019.04.09,12200.0,100.0,12000.0,12200.0,12000.0,1866.0
78,2019.04.08,12100.0,150.0,12100.0,12200.0,11900.0,9226.0
79,2019.04.05,12250.0,0.0,12250.0,12250.0,12050.0,786.0
80,2019.04.04,12250.0,150.0,11950.0,12250.0,11950.0,9350.0
84,2019.04.03,12100.0,150.0,12000.0,12100.0,11850.0,3690.0
85,2019.04.02,11950.0,100.0,11900.0,11950.0,11700.0,2676.0
86,2019.04.01,11850.0,300.0,11550.0,11900.0,11550.0,7069.0
87,2019.03.29,11550.0,50.0,11600.0,11700.0,11500.0,1670.0
88,2019.03.28,11600.0,150.0,11700.0,11700.0,11450.0,3396.0
91,2019.03.27,11750.0,50.0,11700.0,11800.0,11550.0,3210.0
92,2019.03.26,11700.0,50.0,11750.0,11750.0,11500.0,3828.0
93,2019.03.25,11750.0,50.0,11800.0,11800.0,11350.0,2903.0
94,2019.03.22,11800.0,250.0,12000.0,12000.0,11600.0,9504.0
95,2019.03.21,12050.0,150.0,12200.0,12250.0,11900.0,4660.0
99,2019.03.20,12200.0,50.0,12250.0,12250.0,12000.0,3217.0
100,2019.03.19,12250.0,50.0,12150.0,12250.0,12000.0,3453.0
101,2019.03.18,12200.0,0.0,12200.0,12200.0,12000.0,2971.0
102,2019.03.15,12200.0,50.0,12150.0,12200.0,12000.0,5717.0
103,2019.03.14,12150.0,150.0,12100.0,12150.0,11900.0,3413.0
106,2019.03.13,12000.0,0.0,11850.0,12100.0,11850.0,3674.0
107,2019.03.12,12000.0,300.0,11700.0,12000.0,11700.0,4712.0
108,2019.03.11,11700.0,0.0,11600.0,11700.0,11500.0,4124.0
109,2019.03.08,11700.0,150.0,11850.0,11850.0,11600.0,6060.0
110,2019.03.07,11850.0,250.0,12100.0,12200.0,11750.0,10172.0
114,2019.03.06,12100.0,150.0,12200.0,12250.0,12050.0,15459.0
115,2019.03.05,12250.0,200.0,12450.0,12550.0,12200.0,4089.0
116,2019.03.04,12450.0,0.0,12300.0,12500.0,12300.0,6247.0
117,2019.02.28,12450.0,250.0,12800.0,12800.0,12300.0,6056.0
118,2019.02.27,12700.0,100.0,12700.0,12750.0,12550.0,8517.0
121,2019.02.26,12600.0,50.0,12550.0,12650.0,12350.0,5537.0
122,2019.02.25,12550.0,150.0,12600.0,12700.0,12200.0,11750.0
123,2019.02.22,12400.0,250.0,12600.0,12750.0,12250.0,7520.0
124,2019.02.21,12650.0,150.0,12350.0,12750.0,12350.0,14590.0
125,2019.02.20,12500.0,400.0,12100.0,12700.0,12100.0,50505.0
129,2019.02.19,12100.0,50.0,12150.0,12150.0,12050.0,2731.0
130,2019.02.18,12150.0,150.0,12150.0,12150.0,11900.0,4046.0
131,2019.02.15,12000.0,100.0,12100.0,12100.0,11900.0,3299.0
132,2019.02.14,12100.0,50.0,12150.0,12150.0,11950.0,3100.0
133,2019.02.13,12150.0,250.0,11850.0,12200.0,11850.0,8480.0
136,2019.02.12,11900.0,200.0,12150.0,12150.0,11850.0,6377.0
137,2019.02.11,12100.0,150.0,12300.0,12300.0,12100.0,3764.0
138,2019.02.08,12250.0,250.0,12400.0,12400.0,12150.0,11338.0
139,2019.02.07,12500.0,0.0,12600.0,12600.0,12250.0,5617.0
140,2019.02.01,12500.0,150.0,12500.0,12800.0,12350.0,6445.0
144,2019.01.31,12650.0,100.0,12750.0,12750.0,12450.0,6620.0
145,2019.01.30,12550.0,100.0,12900.0,12900.0,12350.0,14091.0
146,2019.01.29,12650.0,250.0,12500.0,12850.0,12250.0,18882.0
147,2019.01.28,12400.0,0.0,12400.0,12450.0,12100.0,12716.0
148,2019.01.25,12400.0,250.0,12300.0,12450.0,12200.0,4843.0
151,2019.01.24,12150.0,200.0,12350.0,12500.0,12050.0,12954.0
152,2019.01.23,12350.0,50.0,12400.0,12950.0,12200.0,23977.0
153,2019.01.22,12300.0,500.0,12800.0,12800.0,12100.0,27456.0
154,2019.01.21,12800.0,200.0,13550.0,13900.0,12250.0,64335.0
155,2019.01.18,12600.0,850.0,11750.0,14700.0,11650.0,130047.0
159,2019.01.17,11750.0,150.0,11700.0,11750.0,11450.0,3639.0
160,2019.01.16,11600.0,100.0,11750.0,11750.0,11500.0,3291.0
161,2019.01.15,11700.0,0.0,11750.0,11750.0,11600.0,1573.0
162,2019.01.14,11700.0,0.0,11650.0,11750.0,11550.0,2664.0
163,2019.01.11,11700.0,250.0,11450.0,11750.0,11400.0,8739.0
166,2019.01.10,11450.0,0.0,11400.0,11450.0,11250.0,3813.0
167,2019.01.09,11450.0,200.0,11250.0,11450.0,11150.0,5872.0
168,2019.01.08,11250.0,200.0,11400.0,11400.0,11150.0,4457.0
169,2019.01.07,11450.0,50.0,11500.0,11650.0,11250.0,3035.0
170,2019.01.04,11500.0,0.0,11300.0,11500.0,11100.0,3441.0
174,2019.01.03,11500.0,200.0,11800.0,11800.0,11300.0,2656.0
175,2019.01.02,11700.0,100.0,11850.0,11850.0,11600.0,2720.0
176,2018.12.28,11800.0,100.0,11650.0,11900.0,11650.0,1045.0
177,2018.12.27,11700.0,350.0,12000.0,12000.0,11700.0,1536.0
178,2018.12.26,12050.0,0.0,11850.0,12050.0,11750.0,2043.0
181,2018.12.24,12050.0,200.0,12000.0,12050.0,11750.0,3587.0
182,2018.12.21,11850.0,0.0,12000.0,12000.0,11750.0,2813.0
183,2018.12.20,11850.0,0.0,12000.0,12050.0,11750.0,4431.0
184,2018.12.19,11850.0,50.0,11800.0,12000.0,11650.0,2624.0
185,2018.12.18,11800.0,150.0,11900.0,11900.0,11650.0,3120.0
189,2018.12.17,11950.0,0.0,12050.0,12100.0,11400.0,6688.0
190,2018.12.14,11950.0,50.0,12150.0,12150.0,11800.0,5414.0
191,2018.12.13,12000.0,50.0,12000.0,12200.0,12000.0,3297.0
192,2018.12.12,12050.0,150.0,12000.0,12100.0,11850.0,5898.0
193,2018.12.11,11900.0,100.0,11700.0,11950.0,11600.0,7053.0
196,2018.12.10,11800.0,100.0,11800.0,11850.0,11600.0,5377.0
197,2018.12.07,11900.0,300.0,11900.0,12150.0,11700.0,2968.0
198,2018.12.06,11600.0,50.0,11800.0,12250.0,11500.0,17367.0
199,2018.12.05,11650.0,250.0,11700.0,11750.0,11400.0,4167.0
200,2018.12.04,11900.0,50.0,11850.0,11950.0,11700.0,6932.0
204,2018.12.03,11950.0,0.0,12000.0,12250.0,11500.0,6747.0
205,2018.11.30,11950.0,50.0,11750.0,12050.0,11650.0,3036.0
206,2018.11.29,11900.0,300.0,11700.0,11900.0,11600.0,5647.0
207,2018.11.28,11600.0,50.0,11550.0,11600.0,11400.0,2320.0
208,2018.11.27,11550.0,0.0,11450.0,11600.0,11450.0,6856.0
211,2018.11.26,11550.0,50.0,11500.0,11700.0,11450.0,5826.0
212,2018.11.23,11500.0,50.0,11550.0,11750.0,11300.0,7174.0
213,2018.11.22,11550.0,100.0,11700.0,11700.0,11450.0,3945.0
214,2018.11.21,11650.0,200.0,11450.0,11650.0,11450.0,5095.0
215,2018.11.20,11450.0,50.0,11450.0,11550.0,11200.0,4687.0
219,2018.11.19,11500.0,300.0,11200.0,11550.0,11200.0,6818.0
220,2018.11.16,11200.0,100.0,11200.0,11550.0,11100.0,10462.0
221,2018.11.15,11100.0,300.0,11400.0,11400.0,10900.0,8416.0
222,2018.11.14,11400.0,250.0,11300.0,11500.0,11150.0,5996.0
223,2018.11.13,11150.0,700.0,11800.0,11800.0,11050.0,9215.0
226,2018.11.12,11850.0,50.0,12100.0,12150.0,11800.0,3904.0
227,2018.11.09,11800.0,50.0,11850.0,12100.0,11700.0,3540.0
228,2018.11.08,11850.0,300.0,11700.0,11950.0,11700.0,2136.0
229,2018.11.07,11550.0,0.0,11300.0,12100.0,11300.0,14586.0
230,2018.11.06,11550.0,0.0,11550.0,11650.0,11400.0,1688.0
234,2018.11.05,11550.0,100.0,11750.0,11750.0,11150.0,7865.0
235,2018.11.02,11650.0,700.0,11100.0,11700.0,11100.0,11950.0
236,2018.11.01,10950.0,200.0,10900.0,11000.0,10800.0,4521.0
237,2018.10.31,10750.0,300.0,10900.0,11000.0,10450.0,5909.0
238,2018.10.30,10450.0,0.0,9920.0,10450.0,9920.0,6981.0
241,2018.10.29,10450.0,350.0,10750.0,10800.0,10250.0,9621.0
242,2018.10.26,10800.0,250.0,11050.0,11050.0,10700.0,7028.0
243,2018.10.25,11050.0,50.0,11250.0,11250.0,10700.0,4887.0
244,2018.10.24,11100.0,50.0,11100.0,11350.0,11100.0,2197.0
245,2018.10.23,11150.0,400.0,11500.0,11500.0,11150.0,2276.0
249,2018.10.22,11550.0,150.0,11200.0,11650.0,11200.0,2103.0
250,2018.10.19,11400.0,50.0,11400.0,11400.0,11000.0,2872.0
251,2018.10.18,11450.0,150.0,11650.0,11700.0,11300.0,2988.0
252,2018.10.17,11600.0,200.0,11450.0,11650.0,11450.0,3296.0
253,2018.10.16,11400.0,200.0,11200.0,11400.0,11150.0,4720.0
256,2018.10.15,11200.0,250.0,11250.0,11400.0,11100.0,6633.0
257,2018.10.12,11450.0,200.0,11350.0,11450.0,11150.0,6256.0
258,2018.10.11,11250.0,800.0,12000.0,12050.0,11000.0,16564.0
259,2018.10.10,12050.0,300.0,12500.0,12500.0,12050.0,12429.0
260,2018.10.08,12350.0,150.0,12500.0,12500.0,12350.0,1988.0
264,2018.10.05,12500.0,100.0,12400.0,12500.0,12300.0,2072.0
265,2018.10.04,12400.0,200.0,12600.0,12600.0,12200.0,4817.0
266,2018.10.02,12600.0,50.0,12650.0,12700.0,12500.0,2871.0
267,2018.10.01,12650.0,0.0,12650.0,12750.0,12550.0,1869.0
268,2018.09.28,12650.0,0.0,12650.0,12800.0,12600.0,4082.0
271,2018.09.27,12650.0,250.0,12500.0,12750.0,12450.0,4657.0
272,2018.09.21,12400.0,50.0,12450.0,12450.0,12300.0,1929.0
273,2018.09.20,12350.0,150.0,12500.0,12500.0,12300.0,4509.0
274,2018.09.19,12500.0,100.0,12600.0,12600.0,12450.0,4626.0
275,2018.09.18,12600.0,50.0,12650.0,12650.0,12500.0,1507.0
279,2018.09.17,12650.0,0.0,12600.0,12650.0,12500.0,2870.0
280,2018.09.14,12650.0,50.0,12600.0,12650.0,12550.0,4665.0
281,2018.09.13,12600.0,0.0,12400.0,12600.0,12400.0,3681.0
282,2018.09.12,12600.0,0.0,12650.0,12700.0,12450.0,3555.0
283,2018.09.11,12600.0,0.0,12600.0,12650.0,12500.0,5456.0
286,2018.09.10,12600.0,0.0,12600.0,12750.0,12450.0,2738.0
287,2018.09.07,12600.0,100.0,12650.0,12650.0,12500.0,2455.0
288,2018.09.06,12700.0,100.0,12700.0,12750.0,12500.0,4798.0
289,2018.09.05,12800.0,100.0,12900.0,13050.0,12650.0,3420.0
290,2018.09.04,12900.0,0.0,12900.0,13000.0,12700.0,4907.0
294,2018.09.03,12900.0,50.0,12800.0,12900.0,12600.0,6646.0
295,2018.08.31,12850.0,50.0,12750.0,12900.0,12700.0,3384.0
296,2018.08.30,12900.0,100.0,13000.0,13200.0,12800.0,4663.0
297,2018.08.29,13000.0,300.0,12700.0,13100.0,12700.0,14459.0
298,2018.08.28,12700.0,100.0,12600.0,12800.0,12500.0,6503.0
301,2018.08.27,12600.0,100.0,12500.0,12600.0,12350.0,4236.0
302,2018.08.24,12500.0,100.0,12450.0,12550.0,12300.0,5897.0
303,2018.08.23,12400.0,250.0,12650.0,12650.0,12350.0,9316.0
304,2018.08.22,12650.0,100.0,12750.0,12800.0,12500.0,4977.0
305,2018.08.21,12750.0,50.0,12650.0,12750.0,12550.0,3749.0
309,2018.08.20,12800.0,200.0,12600.0,12800.0,12600.0,3859.0
310,2018.08.17,12600.0,200.0,12350.0,12700.0,12350.0,6677.0
311,2018.08.16,12400.0,400.0,12700.0,12950.0,12300.0,12638.0
312,2018.08.14,12800.0,100.0,12700.0,12850.0,12600.0,5764.0
313,2018.08.13,12700.0,150.0,13050.0,13850.0,12700.0,18037.0
316,2018.08.10,12850.0,50.0,12850.0,12900.0,12650.0,5414.0
317,2018.08.09,12800.0,50.0,12850.0,12950.0,12550.0,6046.0
318,2018.08.08,12750.0,200.0,12850.0,13000.0,12700.0,4320.0
319,2018.08.07,12950.0,100.0,12800.0,13000.0,12750.0,2045.0
320,2018.08.06,12850.0,350.0,13000.0,13250.0,12850.0,6999.0
324,2018.08.03,13200.0,400.0,12850.0,13250.0,12800.0,15349.0
325,2018.08.02,12800.0,50.0,12800.0,12900.0,12600.0,2961.0
326,2018.08.01,12750.0,50.0,12800.0,12800.0,12650.0,3898.0
327,2018.07.31,12700.0,150.0,12900.0,12900.0,12650.0,5258.0
328,2018.07.30,12850.0,50.0,12750.0,12950.0,12700.0,4956.0
331,2018.07.27,12800.0,300.0,12500.0,12850.0,12500.0,13295.0
332,2018.07.26,12500.0,0.0,12550.0,12650.0,12400.0,5266.0
333,2018.07.25,12500.0,0.0,12600.0,12700.0,12400.0,3793.0
334,2018.07.24,12500.0,0.0,12500.0,12700.0,12400.0,3548.0
335,2018.07.23,12500.0,0.0,12500.0,12750.0,12450.0,3164.0
339,2018.07.20,12500.0,0.0,12450.0,12750.0,12400.0,6879.0
340,2018.07.19,12500.0,250.0,12750.0,13150.0,12500.0,11825.0
341,2018.07.18,12750.0,50.0,12850.0,12950.0,12700.0,4570.0
342,2018.07.17,12800.0,50.0,12850.0,12850.0,12650.0,7200.0
343,2018.07.16,12750.0,50.0,12950.0,12950.0,12600.0,6654.0
346,2018.07.13,12800.0,100.0,12850.0,12950.0,12600.0,11023.0
347,2018.07.12,12700.0,0.0,12900.0,12900.0,12500.0,11000.0
348,2018.07.11,12700.0,300.0,13150.0,13700.0,12700.0,23694.0
349,2018.07.10,13000.0,450.0,12750.0,13250.0,12600.0,19319.0
350,2018.07.09,12550.0,300.0,12850.0,13000.0,12500.0,5555.0
354,2018.07.06,12850.0,50.0,13000.0,13200.0,12450.0,7211.0
355,2018.07.05,12800.0,0.0,12600.0,13000.0,12600.0,4667.0
356,2018.07.04,12800.0,300.0,12800.0,13050.0,12750.0,3775.0
357,2018.07.03,13100.0,250.0,13100.0,13350.0,12700.0,7833.0
358,2018.07.02,13350.0,300.0,13900.0,13900.0,13000.0,10656.0
361,2018.06.29,13650.0,150.0,13750.0,13900.0,13400.0,7305.0
362,2018.06.28,13800.0,50.0,13750.0,13900.0,13600.0,7537.0
363,2018.06.27,13750.0,150.0,14400.0,14400.0,13600.0,6614.0
364,2018.06.26,13900.0,250.0,13750.0,14050.0,13700.0,6682.0
365,2018.06.25,14150.0,350.0,13950.0,14200.0,13700.0,7338.0
369,2018.06.22,13800.0,400.0,14000.0,14100.0,13650.0,16553.0
370,2018.06.21,14200.0,100.0,14500.0,14500.0,14200.0,7324.0
371,2018.06.20,14300.0,50.0,14500.0,14800.0,14250.0,16974.0
372,2018.06.19,14350.0,800.0,15300.0,15300.0,14350.0,28700.0
373,2018.06.18,15150.0,200.0,15400.0,15500.0,14800.0,27890.0
376,2018.06.15,15350.0,700.0,16150.0,16450.0,15300.0,74671.0
377,2018.06.14,16050.0,650.0,15700.0,17350.0,15700.0,261139.0
378,2018.06.12,15400.0,200.0,15600.0,15850.0,15300.0,28513.0
379,2018.06.11,15600.0,200.0,15550.0,16300.0,15450.0,40646.0
380,2018.06.08,15400.0,550.0,15950.0,16100.0,15350.0,45788.0
384,2018.06.07,15950.0,750.0,15350.0,17450.0,15000.0,325779.0
385,2018.06.05,15200.0,300.0,15600.0,15650.0,15150.0,24087.0
386,2018.06.04,15500.0,550.0,16050.0,16250.0,15450.0,32526.0
387,2018.06.01,16050.0,0.0,16400.0,17850.0,15950.0,83077.0
388,2018.05.31,16050.0,250.0,16000.0,16500.0,15400.0,43459.0
391,2018.05.30,15800.0,800.0,16350.0,16350.0,15500.0,51762.0
392,2018.05.29,16600.0,400.0,16950.0,16950.0,15800.0,84369.0
393,2018.05.28,17000.0,0.0,17200.0,17700.0,16650.0,158631.0
394,2018.05.25,17000.0,1200.0,15350.0,19850.0,15350.0,752134.0
395,2018.05.24,15800.0,1500.0,17350.0,17600.0,15600.0,126054.0
399,2018.05.23,17300.0,300.0,19700.0,22100.0,16750.0,787843.0
400,2018.05.21,17000.0,1650.0,15700.0,17150.0,15700.0,125288.0
401,2018.05.18,15350.0,500.0,14950.0,15650.0,14950.0,23895.0
402,2018.05.17,14850.0,150.0,15100.0,15100.0,14850.0,11296.0
403,2018.05.16,15000.0,200.0,14900.0,15650.0,14800.0,21163.0
406,2018.05.15,15200.0,450.0,15900.0,15900.0,15100.0,20153.0
407,2018.05.14,15650.0,50.0,15500.0,16100.0,15450.0,26335.0
408,2018.05.11,15700.0,100.0,16050.0,16150.0,15250.0,32405.0
409,2018.05.10,15800.0,600.0,15600.0,16250.0,15250.0,61342.0
410,2018.05.09,15200.0,1100.0,14100.0,17700.0,14100.0,168820.0
414,2018.05.08,14100.0,250.0,14450.0,14550.0,14050.0,5714.0
415,2018.05.04,14350.0,100.0,14550.0,14600.0,14250.0,3929.0
416,2018.05.03,14450.0,50.0,14500.0,14550.0,14300.0,3669.0
417,2018.05.02,14500.0,50.0,14600.0,14800.0,14500.0,5546.0
418,2018.04.30,14550.0,0.0,14650.0,14700.0,14500.0,1690.0
421,2018.04.27,14550.0,50.0,14650.0,14750.0,14500.0,1292.0
422,2018.04.26,14600.0,0.0,14700.0,14700.0,14500.0,1572.0
423,2018.04.25,14600.0,0.0,14500.0,14650.0,14400.0,4170.0
424,2018.04.24,14600.0,0.0,14800.0,14800.0,14550.0,1928.0
425,2018.04.23,14600.0,200.0,14950.0,14950.0,14550.0,2161.0
429,2018.04.20,14800.0,100.0,14700.0,14800.0,14650.0,2753.0
430,2018.04.19,14700.0,0.0,14700.0,14800.0,14550.0,3287.0
431,2018.04.18,14700.0,200.0,14550.0,14700.0,14500.0,924.0
432,2018.04.17,14500.0,100.0,14800.0,14900.0,14500.0,4125.0
433,2018.04.16,14600.0,100.0,14700.0,14800.0,14550.0,2064.0
436,2018.04.13,14700.0,0.0,14600.0,14750.0,14550.0,2394.0
437,2018.04.12,14700.0,0.0,14800.0,14800.0,14700.0,288.0
438,2018.04.11,14700.0,200.0,14650.0,14750.0,14500.0,610.0
439,2018.04.10,14500.0,100.0,14700.0,14700.0,14500.0,1697.0
440,2018.04.09,14600.0,100.0,14500.0,14650.0,14450.0,3021.0
444,2018.04.06,14500.0,100.0,14600.0,14650.0,14450.0,1388.0
445,2018.04.05,14600.0,300.0,14250.0,14600.0,14250.0,773.0
446,2018.04.04,14300.0,400.0,14600.0,14800.0,14200.0,4042.0
447,2018.04.03,14700.0,50.0,14750.0,14750.0,14600.0,592.0
448,2018.04.02,14750.0,50.0,14800.0,14850.0,14650.0,3211.0
451,2018.03.30,14800.0,100.0,14900.0,14950.0,14550.0,9166.0
452,2018.03.29,14900.0,50.0,15000.0,15000.0,14650.0,2151.0
453,2018.03.28,14850.0,100.0,14900.0,15050.0,14800.0,784.0
454,2018.03.27,14950.0,150.0,14900.0,15000.0,14750.0,1379.0
455,2018.03.26,14800.0,100.0,15200.0,15200.0,14650.0,2087.0
459,2018.03.23,14900.0,300.0,15050.0,15250.0,14900.0,1835.0
460,2018.03.22,15200.0,0.0,15200.0,15400.0,15100.0,1920.0
461,2018.03.21,15200.0,200.0,15400.0,15400.0,14950.0,4823.0
462,2018.03.20,15400.0,100.0,15500.0,15500.0,15050.0,2850.0
463,2018.03.19,15500.0,0.0,15500.0,15600.0,15300.0,1723.0
466,2018.03.16,15500.0,0.0,15400.0,15600.0,15350.0,1253.0
467,2018.03.15,15500.0,50.0,15500.0,15600.0,15300.0,1864.0
468,2018.03.14,15450.0,50.0,15500.0,15500.0,15350.0,1645.0
469,2018.03.13,15400.0,100.0,15500.0,15700.0,15300.0,5156.0
470,2018.03.12,15500.0,50.0,15550.0,15650.0,15500.0,3518.0
474,2018.03.09,15550.0,50.0,15600.0,15650.0,15450.0,1525.0
475,2018.03.08,15500.0,0.0,15600.0,15600.0,15350.0,1219.0
476,2018.03.07,15500.0,0.0,15500.0,15600.0,15250.0,934.0
477,2018.03.06,15500.0,200.0,15500.0,15600.0,15300.0,1792.0
478,2018.03.05,15300.0,300.0,15700.0,15700.0,15250.0,7855.0
481,2018.03.02,15600.0,200.0,15800.0,15900.0,15400.0,4954.0
482,2018.02.28,15800.0,150.0,15900.0,15900.0,15750.0,2560.0
483,2018.02.27,15950.0,150.0,16100.0,16100.0,15950.0,1567.0
484,2018.02.26,16100.0,100.0,16400.0,16400.0,16100.0,5026.0
485,2018.02.23,16200.0,400.0,16050.0,16250.0,15900.0,4920.0
489,2018.02.22,15800.0,250.0,15950.0,16000.0,15650.0,2385.0
490,2018.02.21,16050.0,50.0,16100.0,16100.0,15750.0,1864.0
491,2018.02.20,16100.0,0.0,16100.0,16150.0,15900.0,1003.0
492,2018.02.19,16100.0,450.0,15750.0,16100.0,15750.0,2145.0
493,2018.02.14,15650.0,0.0,15750.0,15750.0,15600.0,1551.0
496,2018.02.13,15650.0,50.0,15600.0,15700.0,15600.0,1316.0
497,2018.02.12,15600.0,50.0,15500.0,15750.0,15500.0,1644.0
498,2018.02.09,15650.0,300.0,15750.0,15800.0,15500.0,3637.0
499,2018.02.08,15950.0,250.0,15800.0,16050.0,15800.0,2867.0
500,2018.02.07,15700.0,200.0,16150.0,16150.0,15650.0,6643.0
504,2018.02.06,15900.0,300.0,15850.0,16200.0,15650.0,6036.0
505,2018.02.05,16200.0,550.0,16500.0,16500.0,15800.0,21999.0
506,2018.02.02,16750.0,200.0,17000.0,17050.0,16550.0,3566.0
507,2018.02.01,16950.0,100.0,16850.0,16950.0,16650.0,4891.0
508,2018.01.31,16850.0,150.0,17000.0,17000.0,16600.0,4820.0
511,2018.01.30,17000.0,50.0,17050.0,17100.0,16850.0,7139.0
512,2018.01.29,17050.0,0.0,17050.0,17200.0,16900.0,8838.0
513,2018.01.26,17050.0,0.0,17050.0,17150.0,16850.0,7359.0
514,2018.01.25,17050.0,50.0,17000.0,17050.0,16850.0,5487.0
515,2018.01.24,17000.0,150.0,17150.0,17250.0,16850.0,4074.0
519,2018.01.23,17150.0,200.0,16850.0,17200.0,16650.0,9269.0
520,2018.01.22,16950.0,150.0,16800.0,17100.0,16700.0,4823.0
521,2018.01.19,16800.0,150.0,16750.0,16800.0,16550.0,4698.0
522,2018.01.18,16650.0,200.0,17000.0,17000.0,16600.0,10916.0
523,2018.01.17,16850.0,150.0,17000.0,17000.0,16750.0,2688.0
526,2018.01.16,17000.0,100.0,17200.0,17200.0,16800.0,2752.0
527,2018.01.15,17100.0,550.0,16550.0,17200.0,16550.0,9735.0
528,2018.01.12,16550.0,350.0,17050.0,17050.0,16550.0,6404.0
529,2018.01.11,16900.0,150.0,17050.0,17050.0,16600.0,5759.0
530,2018.01.10,17050.0,100.0,17200.0,17250.0,16800.0,3634.0
534,2018.01.09,17150.0,0.0,17200.0,17250.0,16900.0,3723.0
535,2018.01.08,17150.0,50.0,17200.0,17400.0,17000.0,4424.0
536,2018.01.05,17200.0,400.0,17050.0,17300.0,17000.0,8356.0
537,2018.01.04,16800.0,100.0,16700.0,17200.0,16700.0,13503.0
538,2018.01.03,16700.0,100.0,16600.0,16700.0,16400.0,5725.0
541,2018.01.02,16600.0,150.0,16450.0,16600.0,16400.0,9739.0
542,2017.12.28,16450.0,300.0,16000.0,16450.0,16000.0,7677.0
543,2017.12.27,16150.0,250.0,16050.0,16300.0,16050.0,1882.0
544,2017.12.26,16400.0,150.0,16400.0,16500.0,16200.0,3562.0
545,2017.12.22,16250.0,200.0,16150.0,16550.0,16050.0,6372.0
549,2017.12.21,16050.0,50.0,16100.0,16150.0,16050.0,2483.0
550,2017.12.20,16100.0,0.0,16150.0,16400.0,16000.0,10807.0
551,2017.12.19,16100.0,50.0,16150.0,16300.0,16000.0,3097.0
552,2017.12.18,16150.0,0.0,16250.0,16550.0,16150.0,5986.0
553,2017.12.15,16150.0,50.0,16200.0,16250.0,16000.0,2704.0
556,2017.12.14,16200.0,100.0,16100.0,16350.0,16100.0,3723.0
557,2017.12.13,16100.0,250.0,16250.0,16300.0,16100.0,3643.0
558,2017.12.12,16350.0,200.0,16450.0,16500.0,16250.0,2772.0
559,2017.12.11,16550.0,300.0,16300.0,16550.0,16200.0,6866.0
560,2017.12.08,16250.0,50.0,16300.0,16300.0,16100.0,4729.0
564,2017.12.07,16200.0,300.0,16500.0,16500.0,16100.0,2654.0
565,2017.12.06,16500.0,0.0,16700.0,16700.0,16300.0,2412.0
566,2017.12.05,16500.0,100.0,16400.0,16550.0,16200.0,6861.0
567,2017.12.04,16400.0,350.0,15900.0,16700.0,15900.0,9523.0
568,2017.12.01,16050.0,50.0,16100.0,16100.0,15850.0,7095.0
571,2017.11.30,16100.0,150.0,16350.0,16350.0,16050.0,5561.0
572,2017.11.29,16250.0,0.0,16250.0,16350.0,16100.0,4778.0
573,2017.11.28,16250.0,50.0,16150.0,16350.0,16000.0,8297.0
574,2017.11.27,16200.0,100.0,16450.0,16450.0,16200.0,4760.0
575,2017.11.24,16300.0,0.0,16450.0,16450.0,16200.0,4763.0
579,2017.11.23,16300.0,100.0,16400.0,16500.0,16200.0,7121.0
580,2017.11.22,16400.0,50.0,16600.0,16850.0,16400.0,3404.0
581,2017.11.21,16450.0,50.0,16600.0,16600.0,16050.0,6104.0
582,2017.11.20,16500.0,150.0,16650.0,16800.0,16450.0,8998.0
583,2017.11.17,16650.0,50.0,16450.0,16700.0,16400.0,4554.0
586,2017.11.16,16700.0,500.0,16200.0,16750.0,16200.0,5062.0
587,2017.11.15,16200.0,350.0,16650.0,16950.0,16100.0,13520.0
588,2017.11.14,16550.0,50.0,16500.0,16650.0,16250.0,8994.0
589,2017.11.13,16500.0,400.0,16850.0,17150.0,16500.0,9160.0
590,2017.11.10,16900.0,150.0,17100.0,17100.0,16800.0,3248.0
594,2017.11.09,17050.0,200.0,16850.0,17050.0,16700.0,5141.0
595,2017.11.08,16850.0,50.0,16800.0,16900.0,16700.0,4209.0
596,2017.11.07,16800.0,100.0,16900.0,17000.0,16550.0,5015.0
597,2017.11.06,16900.0,300.0,17100.0,17300.0,16850.0,4550.0
598,2017.11.03,17200.0,50.0,17400.0,17450.0,17000.0,8421.0
601,2017.11.02,17250.0,550.0,16650.0,17300.0,16550.0,9750.0
602,2017.11.01,16700.0,250.0,16700.0,16750.0,16350.0,8100.0
603,2017.10.31,16450.0,100.0,16350.0,16600.0,16350.0,7029.0
604,2017.10.30,16350.0,450.0,16800.0,16850.0,16150.0,15196.0
605,2017.10.27,16800.0,250.0,17050.0,17200.0,16500.0,11116.0
609,2017.10.26,17050.0,150.0,17400.0,17400.0,16750.0,6692.0
610,2017.10.25,17200.0,100.0,17500.0,17500.0,16900.0,5830.0
611,2017.10.24,17300.0,100.0,17500.0,17500.0,17150.0,3202.0
612,2017.10.23,17200.0,50.0,17400.0,17450.0,17000.0,6806.0
613,2017.10.20,17250.0,300.0,16800.0,17350.0,16800.0,7500.0
616,2017.10.19,16950.0,450.0,17400.0,17550.0,16000.0,16011.0
617,2017.10.18,17400.0,200.0,17750.0,17750.0,17300.0,3105.0
618,2017.10.17,17600.0,50.0,17400.0,17600.0,17200.0,5327.0
619,2017.10.16,17550.0,0.0,17300.0,17700.0,17200.0,4044.0
620,2017.10.13,17550.0,100.0,17650.0,17750.0,17400.0,3167.0
624,2017.10.12,17650.0,450.0,17200.0,17800.0,17150.0,10459.0
625,2017.10.11,17200.0,0.0,17400.0,17650.0,17000.0,5065.0
626,2017.10.10,17200.0,400.0,17300.0,17300.0,16800.0,12666.0
627,2017.09.29,16800.0,500.0,16500.0,16850.0,16400.0,5215.0
628,2017.09.28,16300.0,500.0,16750.0,16750.0,16250.0,6496.0
631,2017.09.27,16800.0,200.0,16500.0,16950.0,16100.0,11638.0
632,2017.09.26,16600.0,400.0,16100.0,16650.0,16000.0,13801.0
633,2017.09.25,16200.0,1600.0,17200.0,17200.0,16050.0,33809.0
634,2017.09.22,17800.0,500.0,18150.0,18300.0,17300.0,26986.0
635,2017.09.21,18300.0,200.0,18500.0,18500.0,18050.0,10719.0
639,2017.09.20,18500.0,100.0,18400.0,18800.0,18300.0,17316.0
640,2017.09.19,18600.0,150.0,18750.0,18950.0,18400.0,10936.0
641,2017.09.18,18750.0,250.0,18800.0,19000.0,18700.0,15597.0
642,2017.09.15,18500.0,150.0,18600.0,18750.0,18350.0,13534.0
643,2017.09.14,18650.0,100.0,18900.0,18950.0,18550.0,13874.0
646,2017.09.13,18750.0,50.0,18700.0,19050.0,18650.0,16559.0
647,2017.09.12,18800.0,100.0,18900.0,18900.0,18250.0,22257.0
648,2017.09.11,18700.0,400.0,18050.0,19100.0,18050.0,40129.0
649,2017.09.08,18300.0,100.0,18450.0,18500.0,18200.0,5634.0
650,2017.09.07,18400.0,200.0,18350.0,18550.0,18000.0,8607.0
654,2017.09.06,18200.0,550.0,17700.0,18200.0,17700.0,7177.0
655,2017.09.05,17650.0,300.0,18250.0,18250.0,17300.0,15217.0
656,2017.09.04,17950.0,350.0,17900.0,18200.0,17200.0,16111.0
657,2017.09.01,18300.0,100.0,18000.0,18400.0,18000.0,20393.0
658,2017.08.31,18400.0,200.0,18200.0,18450.0,18200.0,10090.0
661,2017.08.30,18200.0,0.0,18200.0,18350.0,18050.0,6934.0
662,2017.08.29,18200.0,300.0,18350.0,18450.0,18100.0,9529.0
663,2017.08.28,18500.0,200.0,18750.0,18900.0,18400.0,5747.0
664,2017.08.25,18700.0,0.0,18800.0,18850.0,18450.0,10646.0
665,2017.08.24,18700.0,150.0,18750.0,18800.0,18600.0,5682.0
669,2017.08.23,18550.0,100.0,18650.0,18750.0,18550.0,7279.0
670,2017.08.22,18650.0,0.0,18500.0,18800.0,18500.0,6739.0
671,2017.08.21,18650.0,150.0,18850.0,18850.0,18400.0,6059.0
672,2017.08.18,18800.0,50.0,18500.0,18850.0,18400.0,12005.0
673,2017.08.17,18750.0,150.0,18600.0,18750.0,18450.0,9646.0
676,2017.08.16,18600.0,150.0,19150.0,19550.0,18500.0,29529.0
677,2017.08.14,18750.0,750.0,18000.0,18750.0,18000.0,30725.0
678,2017.08.11,18000.0,50.0,17650.0,18100.0,17600.0,16135.0
679,2017.08.10,17950.0,200.0,18150.0,18250.0,17500.0,19544.0
680,2017.08.09,18150.0,300.0,18000.0,18400.0,18000.0,13908.0
684,2017.08.08,18450.0,50.0,18650.0,18700.0,18200.0,8351.0
685,2017.08.07,18500.0,650.0,18000.0,18500.0,17800.0,33115.0
686,2017.08.04,17850.0,150.0,17800.0,17900.0,17650.0,5953.0
687,2017.08.03,17700.0,50.0,18300.0,18300.0,17400.0,10542.0
688,2017.08.02,17750.0,150.0,17900.0,18000.0,17700.0,5683.0
691,2017.08.01,17900.0,250.0,17750.0,17950.0,17500.0,8547.0
692,2017.07.31,17650.0,0.0,17800.0,17950.0,17100.0,23151.0
693,2017.07.28,17650.0,350.0,18050.0,18050.0,17550.0,13892.0
694,2017.07.27,18000.0,50.0,18150.0,18300.0,17900.0,6257.0
695,2017.07.26,18050.0,100.0,18150.0,18350.0,17800.0,17785.0
699,2017.07.25,18150.0,250.0,18500.0,18500.0,18100.0,8199.0
700,2017.07.24,18400.0,50.0,18300.0,18550.0,18100.0,8755.0
701,2017.07.21,18350.0,350.0,18650.0,18650.0,18300.0,17678.0
702,2017.07.20,18700.0,200.0,18550.0,18800.0,18350.0,24408.0
703,2017.07.19,18500.0,250.0,18400.0,18600.0,18250.0,20071.0
706,2017.07.18,18250.0,50.0,18200.0,18500.0,17950.0,13014.0
707,2017.07.17,18200.0,0.0,18450.0,18500.0,17850.0,24960.0
708,2017.07.14,18200.0,450.0,17950.0,18800.0,17750.0,61248.0
709,2017.07.13,17750.0,500.0,17350.0,17850.0,17350.0,13269.0
710,2017.07.12,17250.0,700.0,17950.0,17950.0,17250.0,24445.0
714,2017.07.11,17950.0,50.0,17800.0,18100.0,17700.0,12742.0
715,2017.07.10,17900.0,50.0,18050.0,18300.0,17750.0,14649.0
716,2017.07.07,17850.0,300.0,18050.0,18300.0,17850.0,16126.0
717,2017.07.06,18150.0,50.0,18150.0,18400.0,17800.0,15816.0
718,2017.07.05,18200.0,50.0,18050.0,18200.0,17800.0,19534.0
721,2017.07.04,18250.0,50.0,18500.0,19050.0,18000.0,38131.0
722,2017.07.03,18300.0,350.0,18000.0,18550.0,17750.0,35630.0
723,2017.06.30,17950.0,450.0,17250.0,18100.0,17200.0,38547.0
724,2017.06.29,17500.0,400.0,18000.0,18150.0,17350.0,45116.0
725,2017.06.28,17900.0,250.0,18200.0,19900.0,17700.0,283652.0
729,2017.06.27,17650.0,100.0,17550.0,17750.0,17200.0,54473.0
730,2017.06.26,17750.0,550.0,18000.0,18700.0,17700.0,68854.0
731,2017.06.23,18300.0,150.0,18250.0,18600.0,17350.0,79772.0
732,2017.06.22,18150.0,1250.0,19000.0,20450.0,18000.0,219999.0
733,2017.06.21,19400.0,750.0,20600.0,21850.0,18450.0,618469.0
736,2017.06.20,20150.0,4650.0,15650.0,20150.0,15600.0,539599.0
737,2017.06.19,15500.0,450.0,15100.0,15500.0,15050.0,19161.0
738,2017.06.16,15050.0,0.0,15100.0,15150.0,14850.0,11537.0
739,2017.06.15,15050.0,250.0,15250.0,15300.0,14850.0,9564.0
740,2017.06.14,15300.0,100.0,15450.0,15700.0,15150.0,15066.0
744,2017.06.13,15400.0,0.0,15550.0,15550.0,15100.0,12482.0
745,2017.06.12,15400.0,100.0,15550.0,15700.0,14850.0,11529.0
746,2017.06.09,15500.0,200.0,15300.0,15700.0,15300.0,13005.0
747,2017.06.08,15300.0,100.0,15450.0,15450.0,14900.0,24820.0
748,2017.06.07,15400.0,250.0,15600.0,15650.0,15000.0,10123.0
751,2017.06.05,15650.0,0.0,15550.0,15800.0,15200.0,15213.0
752,2017.06.02,15650.0,800.0,16150.0,16300.0,15650.0,23222.0
753,2017.06.01,16450.0,150.0,16400.0,16450.0,16000.0,13547.0
754,2017.05.31,16300.0,50.0,16300.0,16500.0,16050.0,8727.0
755,2017.05.30,16350.0,0.0,16300.0,16700.0,16150.0,20840.0
759,2017.05.29,16350.0,950.0,15400.0,16900.0,15400.0,58699.0
760,2017.05.26,15400.0,300.0,15250.0,15600.0,15150.0,18537.0
761,2017.05.25,15100.0,100.0,14850.0,15250.0,14800.0,9072.0
762,2017.05.24,15000.0,0.0,15050.0,15100.0,14750.0,9885.0
763,2017.05.23,15000.0,200.0,15350.0,15350.0,14950.0,11151.0
766,2017.05.22,15200.0,350.0,14950.0,15250.0,14900.0,17621.0
767,2017.05.19,14850.0,0.0,14900.0,15000.0,14700.0,4516.0
768,2017.05.18,14850.0,0.0,14650.0,14950.0,14500.0,15014.0
769,2017.05.17,14850.0,250.0,14750.0,14950.0,14650.0,17225.0
770,2017.05.16,14600.0,350.0,14500.0,14800.0,14400.0,36541.0
774,2017.05.15,14250.0,150.0,14700.0,14700.0,14100.0,12034.0
775,2017.05.12,14100.0,350.0,14000.0,14200.0,13900.0,20134.0
776,2017.05.11,13750.0,450.0,13400.0,13750.0,13300.0,20920.0
777,2017.05.10,13300.0,0.0,13300.0,13400.0,13150.0,5917.0
778,2017.05.08,13300.0,100.0,13200.0,13300.0,13150.0,3531.0
781,2017.05.04,13200.0,100.0,13100.0,13250.0,13100.0,2310.0
782,2017.05.02,13100.0,100.0,13200.0,13200.0,13050.0,3593.0
783,2017.04.28,13200.0,0.0,13300.0,13300.0,13100.0,2593.0
784,2017.04.27,13200.0,0.0,13250.0,13250.0,13150.0,2520.0
785,2017.04.26,13200.0,50.0,13150.0,13250.0,13100.0,4541.0
789,2017.04.25,13150.0,50.0,13200.0,13200.0,13000.0,5148.0
790,2017.04.24,13200.0,50.0,13200.0,13200.0,13100.0,2357.0
791,2017.04.21,13150.0,0.0,13150.0,13200.0,13050.0,2951.0
792,2017.04.20,13150.0,100.0,13100.0,13150.0,13050.0,1504.0
793,2017.04.19,13050.0,200.0,13300.0,13300.0,13000.0,10850.0
796,2017.04.18,13250.0,0.0,13250.0,13300.0,13150.0,3549.0
797,2017.04.17,13250.0,0.0,13250.0,13300.0,13150.0,2523.0
798,2017.04.14,13250.0,50.0,13150.0,13350.0,13150.0,1718.0
799,2017.04.13,13300.0,50.0,13200.0,13350.0,13100.0,4220.0
800,2017.04.12,13250.0,50.0,13350.0,13350.0,13050.0,2812.0
804,2017.04.11,13300.0,100.0,13150.0,13400.0,13150.0,1849.0
805,2017.04.10,13200.0,200.0,13400.0,13450.0,13150.0,5234.0
806,2017.04.07,13400.0,50.0,13450.0,13450.0,13300.0,1612.0
807,2017.04.06,13450.0,50.0,13300.0,13450.0,13250.0,1952.0
808,2017.04.05,13500.0,150.0,13450.0,13550.0,13200.0,14707.0
811,2017.04.04,13350.0,100.0,13450.0,13500.0,13150.0,4766.0
812,2017.04.03,13450.0,50.0,13400.0,13450.0,13300.0,2733.0
813,2017.03.31,13400.0,50.0,13350.0,13550.0,13100.0,13775.0
814,2017.03.30,13350.0,50.0,13350.0,13450.0,13250.0,3145.0
815,2017.03.29,13300.0,100.0,13500.0,13500.0,13150.0,3990.0
819,2017.03.28,13400.0,250.0,13150.0,13600.0,13150.0,8602.0
820,2017.03.27,13150.0,100.0,13250.0,13250.0,12950.0,2968.0
821,2017.03.24,13250.0,50.0,13250.0,13650.0,13100.0,4777.0
822,2017.03.23,13200.0,100.0,13050.0,13200.0,12900.0,5722.0
823,2017.03.22,13100.0,50.0,13250.0,13250.0,13000.0,3630.0
826,2017.03.21,13150.0,100.0,13050.0,13200.0,13050.0,3222.0
827,2017.03.20,13050.0,50.0,13000.0,13100.0,12900.0,3174.0
828,2017.03.17,13100.0,100.0,13100.0,13300.0,13000.0,6500.0
829,2017.03.16,13200.0,200.0,13100.0,13250.0,13000.0,6177.0
830,2017.03.15,13000.0,50.0,13000.0,13100.0,12850.0,2403.0
834,2017.03.14,12950.0,50.0,12900.0,13150.0,12900.0,5792.0
835,2017.03.13,12900.0,100.0,12850.0,13000.0,12800.0,6124.0
836,2017.03.10,13000.0,0.0,13000.0,13050.0,12800.0,4833.0
837,2017.03.09,13000.0,100.0,13200.0,13200.0,12950.0,3627.0
838,2017.03.08,13100.0,50.0,13150.0,13150.0,12900.0,4937.0
841,2017.03.07,13050.0,100.0,12850.0,13100.0,12850.0,5224.0
842,2017.03.06,12950.0,150.0,13300.0,13300.0,12900.0,6177.0
843,2017.03.03,13100.0,100.0,13100.0,13250.0,12900.0,7712.0
844,2017.03.02,13200.0,0.0,13250.0,13600.0,13150.0,14657.0
845,2017.02.28,13200.0,50.0,13150.0,13400.0,13100.0,6473.0
849,2017.02.27,13250.0,50.0,13700.0,13750.0,13200.0,18597.0
850,2017.02.24,13300.0,50.0,13300.0,15350.0,13250.0,259361.0
851,2017.02.23,13250.0,0.0,13100.0,13300.0,13100.0,3742.0
852,2017.02.22,13250.0,0.0,13250.0,13250.0,13100.0,2705.0
853,2017.02.21,13250.0,50.0,13300.0,13300.0,13100.0,1897.0
856,2017.02.20,13200.0,100.0,13350.0,13400.0,13050.0,3715.0
857,2017.02.17,13300.0,100.0,13350.0,13350.0,13150.0,1882.0
858,2017.02.16,13200.0,300.0,13550.0,13550.0,13150.0,5325.0
859,2017.02.15,13500.0,300.0,13500.0,13500.0,13250.0,8897.0
860,2017.02.14,13200.0,100.0,13150.0,13350.0,13150.0,3185.0
864,2017.02.13,13100.0,50.0,13100.0,13300.0,13000.0,4106.0
865,2017.02.10,13050.0,100.0,13100.0,13150.0,12950.0,1712.0
866,2017.02.09,12950.0,150.0,12900.0,13200.0,12900.0,1855.0
867,2017.02.08,13100.0,100.0,12900.0,13100.0,12800.0,5779.0
868,2017.02.07,13000.0,150.0,13100.0,13250.0,12900.0,3867.0
871,2017.02.06,13150.0,150.0,13450.0,13450.0,13000.0,3456.0
872,2017.02.03,13300.0,50.0,13350.0,13350.0,13250.0,1983.0
873,2017.02.02,13250.0,0.0,13100.0,13300.0,13100.0,1939.0
874,2017.02.01,13250.0,50.0,13150.0,13350.0,13150.0,3558.0
875,2017.01.31,13200.0,300.0,13600.0,13600.0,13100.0,5832.0
879,2017.01.26,13500.0,400.0,13800.0,13800.0,13150.0,9067.0
880,2017.01.25,13100.0,350.0,13550.0,13550.0,13100.0,3118.0
881,2017.01.24,13450.0,100.0,13650.0,13700.0,13450.0,3682.0
882,2017.01.23,13550.0,150.0,13800.0,13800.0,13400.0,5283.0
883,2017.01.20,13700.0,0.0,13700.0,13850.0,13500.0,2946.0
886,2017.01.19,13700.0,100.0,13900.0,14000.0,13350.0,6415.0
887,2017.01.18,13800.0,250.0,13750.0,14000.0,13600.0,16594.0
888,2017.01.17,13550.0,350.0,13350.0,13900.0,13350.0,16222.0
889,2017.01.16,13200.0,150.0,13350.0,13350.0,13100.0,2239.0
890,2017.01.13,13350.0,100.0,13500.0,13500.0,13150.0,6108.0
894,2017.01.12,13450.0,100.0,13400.0,13650.0,13400.0,4695.0
895,2017.01.11,13350.0,100.0,13350.0,13400.0,13150.0,5263.0
896,2017.01.10,13250.0,100.0,13300.0,13500.0,13200.0,2282.0
897,2017.01.09,13350.0,150.0,13500.0,13500.0,13250.0,3242.0
898,2017.01.06,13500.0,0.0,13400.0,13600.0,13300.0,2296.0
901,2017.01.05,13500.0,200.0,13500.0,13650.0,13350.0,6816.0
902,2017.01.04,13300.0,50.0,13400.0,13450.0,13300.0,2184.0
903,2017.01.03,13350.0,300.0,13200.0,13500.0,13000.0,5230.0
904,2017.01.02,13050.0,250.0,13000.0,13050.0,12750.0,1300.0
905,2016.12.29,12800.0,350.0,13150.0,13150.0,12800.0,5723.0
909,2016.12.28,13150.0,250.0,13350.0,13350.0,13000.0,4027.0
910,2016.12.27,13400.0,50.0,13450.0,13600.0,13400.0,3530.0
911,2016.12.26,13450.0,50.0,14100.0,14100.0,13300.0,8047.0
912,2016.12.23,13500.0,200.0,13450.0,13500.0,13200.0,5864.0
913,2016.12.22,13300.0,50.0,13500.0,13500.0,13250.0,1758.0
916,2016.12.21,13350.0,250.0,13150.0,13500.0,13150.0,7312.0
917,2016.12.20,13100.0,300.0,13350.0,13500.0,13000.0,6209.0
918,2016.12.19,13400.0,200.0,13450.0,13650.0,13300.0,5372.0
919,2016.12.16,13600.0,100.0,13450.0,13650.0,13350.0,4577.0
920,2016.12.15,13700.0,100.0,13350.0,13750.0,13350.0,4319.0
924,2016.12.14,13800.0,100.0,13800.0,13800.0,13550.0,2273.0
925,2016.12.13,13700.0,150.0,13600.0,13700.0,13300.0,2916.0
926,2016.12.12,13550.0,200.0,13400.0,13700.0,13250.0,3365.0
927,2016.12.09,13350.0,50.0,13400.0,13700.0,13250.0,9632.0
928,2016.12.08,13300.0,200.0,13250.0,13550.0,13200.0,7326.0
931,2016.12.07,13100.0,50.0,13150.0,13200.0,13050.0,2878.0
932,2016.12.06,13150.0,400.0,12900.0,13350.0,12900.0,11584.0
933,2016.12.05,12750.0,0.0,12550.0,12850.0,12550.0,4881.0
934,2016.12.02,12750.0,250.0,13100.0,13100.0,12650.0,5501.0
935,2016.12.01,13000.0,150.0,13100.0,13100.0,12800.0,3700.0
939,2016.11.30,12850.0,200.0,12650.0,13100.0,12550.0,2746.0
940,2016.11.29,12650.0,0.0,12600.0,12900.0,12600.0,4117.0
941,2016.11.28,12650.0,200.0,12700.0,12700.0,12450.0,10009.0
942,2016.11.25,12850.0,150.0,12900.0,13050.0,12600.0,10245.0
943,2016.11.24,13000.0,550.0,13500.0,13650.0,12950.0,14073.0
946,2016.11.23,13550.0,100.0,13500.0,13650.0,13400.0,8006.0
947,2016.11.22,13650.0,50.0,13600.0,13750.0,13450.0,8428.0
948,2016.11.21,13600.0,50.0,13750.0,13750.0,13450.0,1890.0
949,2016.11.18,13650.0,0.0,13800.0,13800.0,13500.0,3144.0
950,2016.11.17,13650.0,150.0,13850.0,13850.0,13500.0,3597.0
954,2016.11.16,13800.0,100.0,13850.0,13900.0,13500.0,7286.0
955,2016.11.15,13700.0,200.0,13600.0,13850.0,13400.0,13690.0
956,2016.11.14,13500.0,250.0,13400.0,13500.0,13050.0,7806.0
957,2016.11.11,13250.0,450.0,13650.0,13700.0,13200.0,15150.0
958,2016.11.10,13700.0,50.0,13900.0,14050.0,13450.0,29267.0
961,2016.11.09,13650.0,1450.0,15100.0,15400.0,13000.0,65840.0
962,2016.11.08,15100.0,50.0,15300.0,15300.0,14900.0,15752.0
963,2016.11.07,15150.0,1200.0,14400.0,15300.0,14200.0,25630.0
964,2016.11.04,13950.0,150.0,14100.0,14150.0,13650.0,9072.0
965,2016.11.03,14100.0,150.0,13750.0,14100.0,13750.0,6562.0
969,2016.11.02,13950.0,650.0,14250.0,14800.0,13900.0,22185.0
970,2016.11.01,14600.0,100.0,14350.0,15100.0,14300.0,19297.0
971,2016.10.31,14700.0,200.0,14200.0,14800.0,14200.0,13097.0
972,2016.10.28,14500.0,250.0,14800.0,14800.0,14150.0,15365.0
973,2016.10.27,14750.0,250.0,15000.0,15600.0,14500.0,28706.0
976,2016.10.26,15000.0,900.0,15800.0,15800.0,14700.0,56210.0
977,2016.10.25,15900.0,50.0,16100.0,16100.0,15400.0,24138.0
978,2016.10.24,15950.0,100.0,15800.0,16400.0,15600.0,23148.0
979,2016.10.21,15850.0,400.0,16350.0,16550.0,15600.0,26665.0
980,2016.10.20,16250.0,350.0,16600.0,16850.0,16150.0,33814.0
984,2016.10.19,16600.0,200.0,16450.0,16900.0,16400.0,30910.0
985,2016.10.18,16800.0,0.0,16800.0,16850.0,16200.0,55288.0
986,2016.10.17,16800.0,500.0,16800.0,17950.0,16350.0,134788.0
987,2016.10.14,16300.0,600.0,15550.0,16500.0,15500.0,50170.0
988,2016.10.13,15700.0,300.0,16050.0,16050.0,15400.0,44003.0
991,2016.10.12,16000.0,100.0,15550.0,16300.0,15350.0,74112.0
992,2016.10.11,15900.0,1250.0,15800.0,17800.0,15100.0,300025.0
993,2016.10.10,14650.0,650.0,13700.0,14650.0,13700.0,34189.0
994,2016.10.07,14000.0,350.0,14050.0,14250.0,13600.0,19708.0
995,2016.10.06,14350.0,50.0,14700.0,14700.0,14050.0,19629.0
999,2016.10.05,14300.0,500.0,13900.0,14900.0,13750.0,58666.0
1000,2016.10.04,13800.0,400.0,13400.0,13800.0,13400.0,7453.0
1001,2016.09.30,13400.0,300.0,13300.0,13550.0,13250.0,10973.0
1002,2016.09.29,13700.0,200.0,13550.0,13700.0,13300.0,23479.0
1003,2016.09.28,13500.0,50.0,13700.0,13900.0,13250.0,10276.0
1006,2016.09.27,13550.0,350.0,13050.0,13600.0,12950.0,13033.0
1007,2016.09.26,13200.0,200.0,13400.0,13400.0,13100.0,2878.0
1008,2016.09.23,13400.0,500.0,12850.0,13800.0,12850.0,15232.0
1009,2016.09.22,12900.0,100.0,13050.0,13050.0,12800.0,10977.0
1010,2016.09.21,13000.0,0.0,13050.0,13050.0,12800.0,7023.0
1014,2016.09.20,13000.0,250.0,12750.0,13150.0,12750.0,14163.0
1015,2016.09.19,12750.0,200.0,13000.0,13000.0,12550.0,8318.0
1016,2016.09.13,12950.0,150.0,13000.0,13000.0,12750.0,4637.0
1017,2016.09.12,12800.0,350.0,13000.0,13200.0,12650.0,13306.0
1018,2016.09.09,13150.0,0.0,13100.0,13350.0,13050.0,5226.0
1021,2016.09.08,13150.0,300.0,13400.0,13550.0,13100.0,15016.0
1022,2016.09.07,13450.0,50.0,13350.0,13550.0,13300.0,9902.0
1023,2016.09.06,13400.0,100.0,13450.0,13550.0,13350.0,7181.0
1024,2016.09.05,13500.0,50.0,13400.0,13600.0,13350.0,5146.0
1025,2016.09.02,13450.0,50.0,13300.0,13550.0,13200.0,5830.0
1029,2016.09.01,13500.0,150.0,13700.0,13900.0,13300.0,8035.0
1030,2016.08.31,13650.0,150.0,13850.0,13850.0,13450.0,2460.0
1031,2016.08.30,13800.0,50.0,13700.0,13950.0,13600.0,3525.0
1032,2016.08.29,13750.0,0.0,13700.0,13900.0,13550.0,9696.0
1033,2016.08.26,13750.0,150.0,13850.0,13900.0,13550.0,2552.0
1036,2016.08.25,13900.0,50.0,13800.0,14050.0,13700.0,8248.0
1037,2016.08.24,13850.0,300.0,13400.0,13850.0,13400.0,11842.0
1038,2016.08.23,13550.0,200.0,13350.0,13550.0,13250.0,8365.0
1039,2016.08.22,13350.0,300.0,13650.0,13700.0,13350.0,3579.0
1040,2016.08.19,13650.0,100.0,13700.0,13800.0,13500.0,4561.0
1044,2016.08.18,13750.0,50.0,13900.0,13900.0,13550.0,7726.0
1045,2016.08.17,13800.0,150.0,13700.0,13900.0,13650.0,12746.0
1046,2016.08.16,13650.0,250.0,13350.0,13800.0,13300.0,22842.0
1047,2016.08.12,13400.0,150.0,13400.0,13600.0,13100.0,9287.0
1048,2016.08.11,13250.0,100.0,13450.0,13800.0,13050.0,16237.0
1051,2016.08.10,13350.0,100.0,13500.0,13500.0,13300.0,7111.0
1052,2016.08.09,13450.0,200.0,13250.0,13450.0,13200.0,11105.0
1053,2016.08.08,13250.0,50.0,13100.0,13400.0,13100.0,3661.0
1054,2016.08.05,13200.0,100.0,13000.0,13250.0,13000.0,11414.0
1055,2016.08.04,13100.0,50.0,13200.0,13200.0,12900.0,3196.0
1059,2016.08.03,13050.0,150.0,13250.0,13250.0,12950.0,2126.0
1060,2016.08.02,13200.0,0.0,13200.0,13300.0,13000.0,864.0
1061,2016.08.01,13200.0,50.0,13100.0,13350.0,13000.0,5973.0
1062,2016.07.29,13250.0,50.0,13200.0,13500.0,13000.0,7658.0
1063,2016.07.28,13200.0,100.0,13150.0,13250.0,13050.0,3014.0
1066,2016.07.27,13100.0,0.0,13100.0,13300.0,13000.0,4666.0
1067,2016.07.26,13100.0,300.0,13350.0,13500.0,13000.0,12323.0
1068,2016.07.25,13400.0,50.0,13500.0,13700.0,13100.0,5786.0
1069,2016.07.22,13450.0,100.0,13550.0,13650.0,13000.0,4835.0
1070,2016.07.21,13550.0,100.0,13500.0,13600.0,13350.0,10210.0
1074,2016.07.20,13450.0,150.0,13350.0,13500.0,13100.0,16543.0
1075,2016.07.19,13300.0,150.0,13300.0,13400.0,13150.0,7480.0
1076,2016.07.18,13150.0,250.0,12950.0,13200.0,12600.0,11729.0
1077,2016.07.15,12900.0,250.0,12700.0,12900.0,12600.0,13475.0
1078,2016.07.14,12650.0,300.0,12350.0,12750.0,12350.0,6085.0
1081,2016.07.13,12350.0,100.0,12350.0,12500.0,12300.0,2317.0
1082,2016.07.12,12250.0,100.0,12350.0,12450.0,12200.0,2645.0
1083,2016.07.11,12350.0,50.0,12350.0,12400.0,12250.0,2140.0
1084,2016.07.08,12300.0,150.0,12500.0,12500.0,12150.0,3256.0
1085,2016.07.07,12450.0,150.0,12350.0,12500.0,12300.0,1858.0
1089,2016.07.06,12300.0,350.0,12750.0,12750.0,12000.0,9365.0
1090,2016.07.05,12650.0,0.0,12700.0,12800.0,12300.0,4629.0
1091,2016.07.04,12650.0,450.0,12300.0,12750.0,12100.0,5118.0
1092,2016.07.01,12200.0,100.0,12300.0,12400.0,12200.0,2957.0
1093,2016.06.30,12300.0,0.0,12400.0,12450.0,12000.0,3406.0
1096,2016.06.29,12300.0,200.0,12150.0,12400.0,12150.0,3194.0
1097,2016.06.28,12100.0,0.0,12100.0,12150.0,11800.0,5047.0
1098,2016.06.27,12100.0,100.0,11700.0,12200.0,11700.0,5904.0
1099,2016.06.24,12200.0,600.0,12850.0,12850.0,11900.0,16665.0
1100,2016.06.23,12800.0,150.0,12850.0,12950.0,12550.0,7596.0
1104,2016.06.22,12950.0,100.0,12850.0,13000.0,12750.0,3987.0
1105,2016.06.21,12850.0,50.0,13000.0,13000.0,12750.0,687.0
1106,2016.06.20,12900.0,50.0,13000.0,13100.0,12800.0,3693.0
1107,2016.06.17,12950.0,200.0,13000.0,13100.0,12800.0,5233.0
1108,2016.06.16,12750.0,150.0,12650.0,13100.0,12650.0,4846.0
1111,2016.06.15,12600.0,0.0,12600.0,12700.0,12400.0,2437.0
1112,2016.06.14,12600.0,250.0,12600.0,12750.0,12600.0,2812.0
1113,2016.06.13,12850.0,50.0,12650.0,12850.0,12600.0,1377.0
1114,2016.06.10,12900.0,50.0,12950.0,12950.0,12650.0,2337.0
1115,2016.06.09,12950.0,100.0,13000.0,13100.0,12850.0,2738.0
1119,2016.06.08,13050.0,400.0,12850.0,13100.0,12750.0,5655.0
1120,2016.06.07,12650.0,150.0,12850.0,12850.0,12650.0,1966.0
1121,2016.06.03,12800.0,100.0,12950.0,12950.0,12650.0,2649.0
1122,2016.06.02,12900.0,0.0,12900.0,13050.0,12600.0,2278.0
1123,2016.06.01,12900.0,150.0,13000.0,13000.0,12900.0,761.0
1126,2016.05.31,13050.0,200.0,12850.0,13050.0,12700.0,3311.0
1127,2016.05.30,12850.0,0.0,12850.0,12900.0,12750.0,1319.0
1128,2016.05.27,12850.0,250.0,12700.0,12900.0,12550.0,5533.0
1129,2016.05.26,12600.0,100.0,12700.0,12750.0,12550.0,3815.0
1130,2016.05.25,12700.0,50.0,12750.0,12800.0,12500.0,1588.0
1134,2016.05.24,12650.0,200.0,12850.0,12900.0,12200.0,6705.0
1135,2016.05.23,12850.0,50.0,12900.0,12950.0,12650.0,3615.0
1136,2016.05.20,12900.0,0.0,12900.0,12950.0,12650.0,4272.0
1137,2016.05.19,12900.0,0.0,12800.0,12950.0,12700.0,1180.0
1138,2016.05.18,12900.0,200.0,13350.0,13350.0,12300.0,4007.0
1141,2016.05.17,13100.0,150.0,13100.0,13150.0,12950.0,1107.0
1142,2016.05.16,12950.0,200.0,13350.0,13350.0,12950.0,3597.0
1143,2016.05.13,13150.0,400.0,13950.0,14000.0,13100.0,13730.0
1144,2016.05.12,13550.0,350.0,13250.0,13850.0,13250.0,6667.0
1145,2016.05.11,13200.0,200.0,13000.0,13250.0,13000.0,2871.0
1149,2016.05.10,13000.0,200.0,12800.0,13000.0,12700.0,2633.0
1150,2016.05.09,12800.0,200.0,13000.0,13000.0,12700.0,1921.0
1151,2016.05.04,13000.0,400.0,13350.0,13350.0,12850.0,5697.0
1152,2016.05.03,13400.0,50.0,13300.0,13500.0,13150.0,10462.0
1153,2016.05.02,13350.0,200.0,13550.0,13550.0,13350.0,5115.0
1156,2016.04.29,13550.0,100.0,13600.0,13600.0,13400.0,4394.0
1157,2016.04.28,13450.0,200.0,13350.0,13650.0,13250.0,6739.0
1158,2016.04.27,13250.0,50.0,13400.0,13550.0,13250.0,9047.0
1159,2016.04.26,13300.0,100.0,13350.0,13450.0,13200.0,12198.0
1160,2016.04.25,13400.0,250.0,13650.0,13650.0,13300.0,6128.0
1164,2016.04.22,13650.0,50.0,13700.0,13750.0,13450.0,7255.0
1165,2016.04.21,13700.0,100.0,13850.0,14000.0,13650.0,13228.0
1166,2016.04.20,13800.0,50.0,13700.0,13950.0,13550.0,10646.0
1167,2016.04.19,13750.0,150.0,13550.0,14050.0,13550.0,11930.0
1168,2016.04.18,13600.0,300.0,13900.0,13900.0,13450.0,10492.0
1171,2016.04.15,13900.0,50.0,14150.0,14150.0,13600.0,25231.0
1172,2016.04.14,13950.0,1150.0,12950.0,16300.0,12950.0,115092.0
1173,2016.04.12,12800.0,100.0,12800.0,12800.0,12500.0,1903.0
1174,2016.04.11,12700.0,100.0,12700.0,12900.0,12500.0,7024.0
1175,2016.04.08,12600.0,100.0,12700.0,12700.0,12400.0,7201.0
1179,2016.04.07,12700.0,0.0,12600.0,12750.0,12500.0,4463.0
1180,2016.04.06,12700.0,150.0,12650.0,12850.0,12500.0,7469.0
1181,2016.04.05,12850.0,50.0,12900.0,13000.0,12700.0,3777.0
1182,2016.04.04,12800.0,100.0,12800.0,13200.0,12800.0,6644.0
1183,2016.04.01,12900.0,200.0,13150.0,13300.0,12900.0,5331.0
1186,2016.03.31,13100.0,150.0,13050.0,13450.0,12850.0,18015.0
1187,2016.03.30,12950.0,450.0,12500.0,13000.0,12500.0,14838.0
1188,2016.03.29,12500.0,150.0,12350.0,12600.0,12250.0,4678.0
1189,2016.03.28,12350.0,50.0,12400.0,12450.0,12300.0,4028.0
1190,2016.03.25,12300.0,50.0,12450.0,12700.0,12050.0,13524.0
1194,2016.03.24,12350.0,50.0,12400.0,12550.0,12150.0,6633.0
1195,2016.03.23,12400.0,150.0,12600.0,12600.0,12200.0,4175.0
1196,2016.03.22,12550.0,50.0,12650.0,12650.0,12350.0,9699.0
1197,2016.03.21,12600.0,300.0,12800.0,13000.0,12350.0,12316.0
1198,2016.03.18,12900.0,400.0,13350.0,13350.0,12800.0,10926.0
1201,2016.03.17,13300.0,100.0,13300.0,13450.0,13050.0,6074.0
1202,2016.03.16,13200.0,50.0,13100.0,13200.0,13050.0,1404.0
1203,2016.03.15,13150.0,300.0,13000.0,13200.0,12850.0,8955.0
1204,2016.03.14,12850.0,400.0,13300.0,13400.0,12700.0,14550.0
1205,2016.03.11,13250.0,100.0,13150.0,13400.0,13150.0,1946.0
1209,2016.03.10,13150.0,50.0,13300.0,13400.0,13050.0,6233.0
1210,2016.03.09,13200.0,200.0,13100.0,13450.0,13000.0,5609.0
1211,2016.03.08,13400.0,200.0,13300.0,13400.0,12550.0,13208.0
1212,2016.03.07,13200.0,100.0,13350.0,13500.0,13200.0,5751.0
1213,2016.03.04,13300.0,200.0,13650.0,13700.0,13050.0,12698.0
1216,2016.03.03,13500.0,250.0,13750.0,13750.0,13350.0,6927.0
1217,2016.03.02,13750.0,350.0,13550.0,13750.0,13050.0,8042.0
1218,2016.02.29,13400.0,50.0,13500.0,13650.0,13100.0,3964.0
1219,2016.02.26,13450.0,50.0,13400.0,13600.0,13000.0,4130.0
1220,2016.02.25,13400.0,100.0,13750.0,13900.0,13250.0,7362.0
1224,2016.02.24,13500.0,250.0,13750.0,13750.0,13200.0,6073.0
1225,2016.02.23,13750.0,150.0,13900.0,14150.0,13000.0,4929.0
1226,2016.02.22,13600.0,50.0,13700.0,13950.0,13250.0,7343.0
1227,2016.02.19,13650.0,250.0,13400.0,13750.0,13000.0,5690.0
1228,2016.02.18,13400.0,550.0,13000.0,13400.0,12850.0,10588.0
1231,2016.02.17,12850.0,150.0,12750.0,13150.0,12350.0,10139.0
1232,2016.02.16,12700.0,750.0,12000.0,12800.0,12000.0,15204.0
1233,2016.02.15,11950.0,450.0,11700.0,12000.0,11550.0,10707.0
1234,2016.02.12,11500.0,800.0,12150.0,12150.0,10800.0,30049.0
1235,2016.02.11,12300.0,600.0,12750.0,12750.0,12050.0,12148.0
1239,2016.02.05,12900.0,100.0,12900.0,13200.0,12900.0,3639.0
1240,2016.02.04,13000.0,50.0,13100.0,13250.0,12800.0,5112.0
1241,2016.02.03,13050.0,250.0,13100.0,13100.0,12750.0,10488.0
1242,2016.02.02,13300.0,200.0,13100.0,13550.0,13050.0,7485.0
1243,2016.02.01,13500.0,0.0,13700.0,13750.0,13100.0,6006.0
1246,2016.01.29,13500.0,150.0,13400.0,13550.0,13250.0,4592.0
1247,2016.01.28,13350.0,100.0,13250.0,13450.0,13000.0,5440.0
1248,2016.01.27,13250.0,150.0,13100.0,13500.0,13100.0,5358.0
1249,2016.01.26,13100.0,350.0,13450.0,13450.0,12900.0,5925.0
1250,2016.01.25,13450.0,350.0,13200.0,13500.0,13200.0,9112.0
1254,2016.01.22,13100.0,50.0,13250.0,13500.0,13000.0,11193.0
1255,2016.01.21,13150.0,350.0,13150.0,13150.0,12700.0,7578.0
1256,2016.01.20,12800.0,300.0,13050.0,13100.0,12400.0,15788.0
1257,2016.01.19,13100.0,650.0,13750.0,13750.0,12900.0,17284.0
1258,2016.01.18,13750.0,0.0,13650.0,13800.0,13200.0,10099.0
1261,2016.01.15,13750.0,450.0,14250.0,14500.0,13500.0,13872.0
1262,2016.01.14,14200.0,600.0,14800.0,14800.0,14000.0,24175.0
1263,2016.01.13,14800.0,50.0,14800.0,15100.0,14650.0,9120.0
1264,2016.01.12,14850.0,50.0,15350.0,15350.0,14700.0,7279.0
1265,2016.01.11,14800.0,200.0,15150.0,15450.0,14500.0,10163.0
1269,2016.01.08,15000.0,300.0,15200.0,15200.0,14250.0,22887.0
1270,2016.01.07,15300.0,850.0,16200.0,16400.0,15300.0,13969.0
1271,2016.01.06,16150.0,700.0,15600.0,16300.0,15450.0,10129.0
1272,2016.01.05,15450.0,50.0,15350.0,15550.0,15200.0,6435.0
1273,2016.01.04,15500.0,950.0,16350.0,16350.0,15500.0,11058.0
1276,2015.12.30,16450.0,550.0,17350.0,17350.0,16450.0,7866.0
1277,2015.12.29,17000.0,0.0,17050.0,17100.0,16600.0,5029.0
1278,2015.12.28,17000.0,200.0,16800.0,17250.0,16750.0,7179.0
1279,2015.12.24,17200.0,100.0,17500.0,17500.0,17000.0,8293.0
1280,2015.12.23,17300.0,100.0,17400.0,17450.0,17000.0,8122.0
1284,2015.12.22,17400.0,50.0,17450.0,17650.0,17000.0,6474.0
1285,2015.12.21,17450.0,0.0,17450.0,17550.0,17000.0,9766.0
1286,2015.12.18,17450.0,50.0,17400.0,17600.0,17100.0,17696.0
1287,2015.12.17,17400.0,600.0,17450.0,17500.0,17000.0,22880.0
1288,2015.12.16,16800.0,800.0,16400.0,16900.0,15950.0,12472.0
1291,2015.12.15,16000.0,50.0,16450.0,16450.0,15050.0,6581.0
1292,2015.12.14,16050.0,450.0,16100.0,16600.0,15950.0,27134.0
1293,2015.12.11,16500.0,400.0,16950.0,17200.0,16300.0,23926.0
1294,2015.12.10,16900.0,250.0,17300.0,17300.0,16750.0,13757.0
1295,2015.12.09,17150.0,50.0,17150.0,17300.0,16850.0,14237.0
1299,2015.12.08,17100.0,200.0,17400.0,17450.0,16600.0,16717.0
1300,2015.12.07,17300.0,100.0,17400.0,17400.0,17000.0,13193.0
1301,2015.12.04,17200.0,100.0,16900.0,17250.0,16800.0,6649.0
1302,2015.12.03,17300.0,400.0,17000.0,17500.0,16800.0,22273.0
1303,2015.12.02,16900.0,0.0,17000.0,17300.0,16550.0,13414.0
1306,2015.12.01,16900.0,950.0,15900.0,16950.0,15900.0,43150.0
1307,2015.11.30,15950.0,250.0,16200.0,16350.0,15650.0,8266.0
1308,2015.11.27,16200.0,50.0,16200.0,16400.0,15900.0,8744.0
1309,2015.11.26,16150.0,50.0,16300.0,16350.0,15900.0,11801.0
1310,2015.11.25,16200.0,250.0,16450.0,16650.0,16050.0,18108.0
1314,2015.11.24,16450.0,200.0,16200.0,16500.0,15850.0,21823.0
1315,2015.11.23,16250.0,200.0,16800.0,16800.0,15900.0,21526.0
1316,2015.11.20,16050.0,500.0,15700.0,16200.0,15650.0,26101.0
1317,2015.11.19,15550.0,100.0,15500.0,15950.0,15400.0,21190.0
1318,2015.11.18,15450.0,200.0,15500.0,16200.0,14800.0,31842.0
1321,2015.11.17,15650.0,50.0,15800.0,16200.0,14950.0,34112.0
1322,2015.11.16,15700.0,1050.0,14800.0,16450.0,14400.0,104400.0
1323,2015.11.13,14650.0,350.0,14000.0,14750.0,13750.0,18664.0
1324,2015.11.12,14300.0,500.0,13800.0,14350.0,13500.0,14734.0
1325,2015.11.11,13800.0,50.0,13650.0,13900.0,13200.0,23587.0
1329,2015.11.10,13750.0,900.0,14600.0,14600.0,13600.0,22982.0
1330,2015.11.09,14650.0,50.0,15000.0,15200.0,14050.0,28588.0
1331,2015.11.06,14700.0,0.0,14400.0,14850.0,14250.0,22942.0
1332,2015.11.05,14700.0,200.0,15150.0,15400.0,14650.0,35727.0
1333,2015.11.04,14900.0,800.0,14600.0,15050.0,14300.0,47420.0
1336,2015.11.03,14100.0,700.0,13650.0,14500.0,13500.0,40714.0
1337,2015.11.02,13400.0,200.0,13050.0,13700.0,12950.0,21553.0
1338,2015.10.30,13200.0,200.0,13100.0,13600.0,13000.0,14505.0
1339,2015.10.29,13400.0,150.0,13400.0,13600.0,13250.0,14380.0
1340,2015.10.28,13250.0,100.0,13200.0,13550.0,13050.0,26873.0
1344,2015.10.27,13150.0,100.0,13000.0,13300.0,13000.0,16388.0
1345,2015.10.26,13050.0,250.0,12850.0,13200.0,12800.0,14715.0
1346,2015.10.23,12800.0,150.0,12800.0,13300.0,12750.0,13703.0
1347,2015.10.22,12650.0,550.0,13400.0,13400.0,12450.0,18086.0
1348,2015.10.21,13200.0,550.0,12800.0,13300.0,12550.0,18725.0
1351,2015.10.20,12650.0,100.0,12950.0,12950.0,12500.0,15105.0
1352,2015.10.19,12750.0,250.0,13100.0,13100.0,12550.0,16803.0
1353,2015.10.16,13000.0,300.0,13800.0,13900.0,12800.0,61103.0
1354,2015.10.15,13300.0,1600.0,11650.0,14000.0,11650.0,114816.0
1355,2015.10.14,11700.0,550.0,12200.0,12250.0,11650.0,16660.0
1359,2015.10.13,12250.0,100.0,12400.0,12500.0,12000.0,9694.0
1360,2015.10.12,12350.0,150.0,12300.0,12500.0,12200.0,15999.0
1361,2015.10.08,12200.0,0.0,12200.0,12300.0,12000.0,10012.0
1362,2015.10.07,12200.0,200.0,12050.0,12350.0,11900.0,13206.0
1363,2015.10.06,12000.0,0.0,12000.0,12300.0,12000.0,18219.0
1366,2015.10.05,12000.0,250.0,11650.0,12150.0,11650.0,22360.0
1367,2015.10.02,11750.0,200.0,11950.0,12100.0,11650.0,5536.0
1368,2015.10.01,11950.0,200.0,11800.0,12100.0,11750.0,12142.0
1369,2015.09.30,11750.0,100.0,11850.0,12000.0,11300.0,9838.0
1370,2015.09.25,11850.0,50.0,11950.0,11950.0,11450.0,7467.0
1374,2015.09.24,11900.0,150.0,11700.0,12050.0,11500.0,10427.0
1375,2015.09.23,11750.0,50.0,11450.0,11800.0,11450.0,13759.0
1376,2015.09.22,11700.0,150.0,12100.0,12100.0,11500.0,10518.0
1377,2015.09.21,11850.0,250.0,11800.0,11900.0,11550.0,18708.0
1378,2015.09.18,12100.0,50.0,12250.0,12350.0,11750.0,30365.0
1381,2015.09.17,12150.0,300.0,12100.0,12350.0,11850.0,32587.0
1382,2015.09.16,11850.0,300.0,11850.0,12050.0,11550.0,30084.0
1383,2015.09.15,11550.0,100.0,11800.0,12150.0,11400.0,36085.0
1384,2015.09.14,11450.0,600.0,10900.0,11450.0,10900.0,33370.0
1385,2015.09.11,10850.0,0.0,10850.0,11000.0,10500.0,13554.0
1389,2015.09.10,10850.0,150.0,10550.0,10900.0,10350.0,17780.0
1390,2015.09.09,10700.0,250.0,10500.0,10750.0,10450.0,17908.0
1391,2015.09.08,10450.0,400.0,10650.0,11000.0,10300.0,17665.0
1392,2015.09.07,10850.0,100.0,10500.0,10950.0,10300.0,25404.0
1393,2015.09.04,10950.0,50.0,11400.0,12300.0,10850.0,57693.0
1396,2015.09.03,10900.0,0.0,11000.0,11150.0,10750.0,8536.0
1397,2015.09.02,10900.0,200.0,10700.0,10950.0,10650.0,11581.0
1398,2015.09.01,11100.0,300.0,11500.0,11550.0,11100.0,16757.0
1399,2015.08.31,11400.0,100.0,11800.0,11800.0,11300.0,18624.0
1400,2015.08.28,11500.0,200.0,11500.0,11900.0,11450.0,17338.0
1404,2015.08.27,11300.0,50.0,11700.0,11700.0,11100.0,16555.0
1405,2015.08.26,11250.0,350.0,11000.0,11350.0,10750.0,20008.0
1406,2015.08.25,10900.0,300.0,11000.0,11300.0,10600.0,29122.0
1407,2015.08.24,10600.0,250.0,10650.0,11200.0,10100.0,17356.0
1408,2015.08.21,10850.0,450.0,10300.0,10950.0,10200.0,28551.0
1411,2015.08.20,11300.0,700.0,11850.0,11850.0,11300.0,21184.0
1412,2015.08.19,12000.0,300.0,11200.0,12000.0,10650.0,35800.0
1413,2015.08.18,11700.0,750.0,12300.0,12500.0,11700.0,38264.0
1414,2015.08.17,12450.0,700.0,13150.0,13150.0,12150.0,45372.0
1415,2015.08.13,13150.0,300.0,15450.0,15800.0,13150.0,214579.0
1419,2015.08.12,12850.0,150.0,13050.0,13050.0,12450.0,36913.0
1420,2015.08.11,13000.0,700.0,13350.0,13600.0,13000.0,76474.0
1421,2015.08.10,13700.0,350.0,13650.0,14900.0,13050.0,94605.0
1422,2015.08.07,14050.0,1150.0,15350.0,16500.0,14050.0,401567.0
1423,2015.08.06,15200.0,2600.0,12900.0,16150.0,12900.0,712254.0
1426,2015.08.05,12600.0,100.0,12800.0,12900.0,12250.0,22196.0
1427,2015.08.04,12700.0,150.0,12450.0,12900.0,12300.0,12891.0
1428,2015.08.03,12550.0,700.0,13250.0,13250.0,12550.0,20545.0
1429,2015.07.31,13250.0,250.0,13300.0,13300.0,12700.0,20155.0
1430,2015.07.30,13000.0,200.0,12950.0,13500.0,12800.0,23555.0
1434,2015.07.29,13200.0,200.0,13400.0,13700.0,12850.0,33884.0
1435,2015.07.28,13400.0,500.0,12650.0,13450.0,12300.0,51282.0
1436,2015.07.27,12900.0,750.0,13900.0,13950.0,12650.0,56205.0
1437,2015.07.24,13650.0,350.0,14250.0,14250.0,13000.0,65105.0
1438,2015.07.23,14000.0,250.0,14450.0,14750.0,13500.0,55752.0
1441,2015.07.22,14250.0,1000.0,14800.0,15100.0,13900.0,86749.0
1442,2015.07.21,15250.0,750.0,15000.0,15500.0,14600.0,123001.0
1443,2015.07.20,14500.0,2250.0,16450.0,16450.0,14200.0,207338.0
1444,2015.07.17,16750.0,3100.0,19000.0,21700.0,16750.0,650523.0
1445,2015.07.16,19850.0,1850.0,23700.0,23750.0,19550.0,276571.0
1449,2015.07.15,21700.0,1300.0,18600.0,25500.0,18600.0,1168784.0
1450,2015.07.14,20400.0,4700.0,19700.0,20400.0,19700.0,159913.0
1451,2015.07.13,15700.0,3600.0,15700.0,15700.0,15700.0,111445.0
1452,2015.07.10,12100.0,200.0,11950.0,13250.0,11150.0,116198.0
1453,2015.07.09,11900.0,600.0,11050.0,12150.0,10700.0,61540.0
1456,2015.07.08,11300.0,950.0,12050.0,12250.0,11000.0,35734.0
1457,2015.07.07,12250.0,550.0,13200.0,13450.0,11500.0,55688.0
1458,2015.07.06,12800.0,350.0,12450.0,13400.0,12000.0,62409.0
1459,2015.07.03,12450.0,300.0,12600.0,13500.0,11700.0,131954.0
1460,2015.07.02,12150.0,700.0,11650.0,13600.0,11450.0,202663.0
1464,2015.07.01,11450.0,1550.0,10000.0,12150.0,10000.0,135871.0
1465,2015.06.30,9900.0,60.0,9670.0,9990.0,9600.0,25727.0
1466,2015.06.29,9840.0,210.0,9910.0,10250.0,9470.0,29012.0
1467,2015.06.26,10050.0,500.0,10400.0,10850.0,10000.0,61878.0
1468,2015.06.25,10550.0,1050.0,11600.0,11600.0,10250.0,89362.0
1471,2015.06.24,11600.0,450.0,11900.0,14250.0,11600.0,372955.0
1472,2015.06.23,11150.0,1870.0,9280.0,11800.0,9190.0,192476.0
1473,2015.06.22,9280.0,250.0,9570.0,9570.0,9100.0,6996.0
1474,2015.06.19,9530.0,60.0,9530.0,9570.0,9470.0,17647.0
1475,2015.06.18,9470.0,80.0,9460.0,9500.0,9340.0,14660.0
1479,2015.06.17,9390.0,10.0,9350.0,9400.0,9090.0,8895.0
1480,2015.06.16,9400.0,80.0,9500.0,9500.0,9160.0,11137.0
1481,2015.06.15,9480.0,260.0,9200.0,9480.0,9200.0,11062.0
1482,2015.06.12,9220.0,30.0,9190.0,9250.0,9130.0,1502.0
1483,2015.06.11,9190.0,90.0,9160.0,9190.0,9050.0,3448.0
